ucode,rider_id,level,vehicle_type,extra_flag,station_id
0757590820,19592240,0,1,0,60003300
0600882909,11928377,0,4,8796093022208,60003300
0525201215,10136549,0,1,8796093022208,60003300
0729515412,18517544,0,1,0,60003300
0731669509,18576369,0,1,0,60003300
0613329616,12518112,0,4,8864812498944,60003300
0750298548,19387320,0,1,65536,60003300
0475824345,16113085,0,4,8796093022208,60003300
0678203599,16465213,0,1,8796093022208,60003300
0649086388,14497589,0,1,8796093022208,60003300
0751983537,19447361,0,1,0,60003300
0752242651,19458146,0,1,65536,60003300
0722476819,18227997,0,1,0,60003300
0743559826,19074171,0,1,0,60003300
0745296255,19191925,0,1,0,60003300
0586643499,19547404,0,1,8796093022208,60003300
0475840601,16893300,0,4,8796093022208,60003300
0573276138,19547454,0,4,8796093022208,60003300
0723980389,18307759,0,1,0,60003300
0755146964,19533526,0,1,0,60003300
0756924451,19574669,0,1,0,60003300
0369714576,7372064,0,4,8796093022208,10004395
0520068692,9028715,0,4,8796093022208,10004395
0578696711,11473346,0,4,8796093022208,60003300
0669793891,16252672,0,1,8796093022208,10004395
0671676577,18987085,0,1,8796093022208,10004395
0671766490,16036778,0,1,8796093022208,60003300
0676783876,17456306,0,1,8796093022208,10004395
0677026976,16368055,0,1,65536,60003300
0678285819,16471756,0,1,8796093022208,60003300
0703821791,17556855,0,1,0,10004395
0339826109,5348306,0,4,65536,10004395
0359708593,6017369,0,0,65536,10004395
0500074630,8483039,0,4,65536,10004395
0501086092,8522093,0,4,8796629893120,10004395
0551332288,10249184,0,4,0,60003300
0551526250,10254492,0,4,65536,10004395
0187561619,3499808,0,0,0,10004395
0565348860,10744839,0,4,8796093022208,60003300
0462974235,18833959,0,4,8796093022208,10004395
0660217461,15154561,0,1,8796093022208,60003300
0661480440,15245180,0,1,0,60003300
0661505781,15245181,0,1,0,60003300
0712267398,17942677,0,1,0,60003300
0739527161,18890829,0,1,0,60003300
0740777803,18974986,0,1,0,60003300
0741026520,18967078,0,1,0,60003300
0544877911,10681496,0,1,8796093022208,10004395
0544904918,15448500,0,4,8796093022208,10004395
0758734913,19635071,0,1,0,10004395
0560825851,10746014,0,4,8796093022208,60003300
0562036549,10780738,0,4,65536,60003300
0746393165,19200650,0,1,0,10004395
0747013321,19218436,0,1,0,60003300
0118311558,2537693,0,0,0,10004395
0298732664,5455849,0,0,0,10004395
0462975802,7252750,0,0,65536,10004395
0495966282,8408865,0,4,8796093022208,10004395
0573537689,12404566,0,4,8796093022208,10004395
0573904799,11076916,0,4,8796093022208,60003300
0670832980,15954993,0,1,8796093022208,60003300
0707539121,17927301,0,1,8796093022208,60003300
0708756280,17578142,0,1,0,60003300
0746581965,19200836,0,1,0,10004395
0339818213,5369467,0,0,65536,10004395
0552485423,11231900,0,4,8796093022208,10004395
0552810908,18638024,0,4,43980465111040,60003300
0552811323,10308054,0,4,65536,60003300
0606529730,12209053,0,4,65536,60003300
0606653747,12208928,0,4,8796093022208,60003300
0606843234,12222395,0,4,65536,60003300
0636082942,13670642,0,1,65536,10004395
0636348945,14684109,0,1,8796093022208,10004395
0636737909,13695622,0,1,8796093087744,60003300
0729088972,18506115,0,1,0,60003300
0730979249,18555851,0,1,0,60003300
0289836623,4369930,0,4,0,10004395
0493363496,8272032,0,4,8796093022208,10004395
0493859757,8408605,0,4,8796093022208,10004395
0566289915,10769921,0,4,8796093022208,60003300
0566773489,15888207,0,4,8796093022208,60003300
0613554740,12525337,0,4,8796093022208,60003300
0662147887,16641850,0,1,8796093022208,10004395
0662820100,15310761,0,1,0,60003300
0694188115,17007654,0,1,0,60003300
0694804204,18637834,0,1,0,60003300
0695064357,17033459,0,1,0,60003300
0696299356,17105424,0,1,65536,60003300
0713064538,17794047,0,1,0,60003300
0713065285,17794073,0,1,0,60003300
0718350478,18014272,0,1,0,10004395
0752798351,19484854,0,1,0,60003300
0112179618,8046332,0,4,8796093022208,10004395
0113314593,2447998,0,0,0,10004395
0505723121,8651746,0,4,8796093022208,10004395
0589989756,11610021,0,4,8796093022208,60003300
0625396678,13158495,0,1,65536,60003300
0638952735,13817701,0,1,8796093022208,60003300
0639005654,16932929,0,1,65536,60003300
0696532429,17567104,0,1,0,10004395
0696951402,17168642,0,1,0,60003300
0718086059,17998350,0,1,0,60003300
0718143514,18323157,0,1,0,10004395
0740530449,18933142,0,1,0,60003300
0740549278,19114354,0,1,0,10004395
0488875676,18163532,0,4,8796093022208,60003300
0503239296,16850444,0,1,81920,10004395
0505610310,8658573,0,4,65536,10004395
0627805490,13269104,0,1,65536,60003300
0675181825,16258270,0,1,65536,60003300
0675785517,16295752,0,1,8796093022208,60003300
0680637968,16607702,0,1,65536,60003300
0723582622,19445985,0,1,0,60003300
0119208034,2537694,0,0,0,10004395
0316401131,4831095,0,4,8796093022208,10004395
0317120491,4867894,0,4,65536,10004395
0475094858,7408225,0,0,65536,10004395
0478740406,7579003,0,0,65536,10004395
0613553258,12716450,0,4,8796093022208,60003300
0662819763,16642813,0,1,8796093022208,60003300
0663249060,15338054,0,4,8796093022208,60003300
0663253337,15462470,0,1,8796093022208,60003300
0663686450,15585723,0,1,8796093022208,10004395
0681049899,17429189,0,1,0,10004395
0273543814,4060753,0,0,0,10004395
0303693225,4645972,0,0,0,10004395
0303855038,4645973,0,0,0,10004395
0548737759,11237872,0,4,8796093022208,10004395
0553690249,10337085,0,4,0,60003300
0619601516,12794138,0,1,65536,10004395
0639002382,13820519,0,1,8796093022208,60003300
0677252112,16385325,0,1,8796093022208,60003300
0729167272,18507913,0,1,0,60003300
0137304792,2902556,0,0,0,10004395
0349948678,5672460,0,4,0,10004395
0485812293,8072694,0,4,8796629893120,10004395
0470505144,7306364,0,4,8796093022208,10004395
0471638355,18605971,0,4,8796629893120,60003300
0615202721,12595001,0,4,65536,60003300
0615585664,14841389,0,4,8796093022208,60003300
0479913265,7617590,0,4,8796629958656,10004395
0619025517,12771553,0,1,8796093022208,60003300
0630950056,13423540,0,1,8796093022208,60003300
0517401594,10136546,0,4,8796093022208,60003300
0654491117,14850903,0,1,0,60003300
0678384312,16508606,0,1,65536,10004395
0699227247,17208129,0,1,0,60003300
0700868513,17960223,0,1,0,10004395
0132257993,7508642,0,4,0,10004395
0716770228,18164542,0,1,0,10004395
0349942767,5672263,0,1,8796093022208,10004395
0337643379,5275130,0,4,8796093022208,10004395
0521447183,9531997,0,4,8796093022208,10004395
0522418733,9136009,0,4,65536,10004395
0522420251,9136045,0,4,8796093022208,10004395
0507901041,8709742,0,4,65536,10004395
0510354243,8773612,0,4,0,10004395
0510360309,12374614,0,4,8796093022208,60003300
0146054316,3090938,0,0,0,10004395
0493363774,8327509,0,4,8796093022208,10004395
0557835476,10713401,0,4,8796093022208,10004395
0659750972,15132807,0,1,65536,60003300
0660464224,15752239,0,1,8796093022208,60003300
0661109612,15212453,0,1,8796093022208,60003300
0667988473,15653200,0,1,8796093022208,60003300
0668063359,15660450,0,1,8796093022208,60003300
0539746452,10456840,0,4,8796093022208,60003300
0569015412,10878926,0,4,65536,10004395
0569077221,10869069,0,4,8796093022208,60003300
0569112106,10871596,0,0,65536,60003300
0570639360,10926028,0,4,65536,60003300
0583953158,11442086,0,4,0,60003300
0543483101,10136557,0,4,8796093022208,60003300
0614052016,17185336,0,4,8796093022208,60003300
0614628590,12574957,0,4,8796093022208,60003300
0615202966,15530616,0,4,8796093022208,10004395
0587775183,11551630,0,4,0,60003300
0589338609,11725349,0,4,8796093022208,60003300
0741341332,18980992,0,1,0,10004395
0672426646,16098033,0,1,8796093022208,60003300
0672935135,16136623,0,1,8796093022208,60003300
0654492975,15463123,0,1,8796093022208,60003300
0719505433,18135440,0,1,0,60003300
0719956688,18102537,0,1,0,60003300
0748150318,19287751,0,1,0,10004395
0366010689,6218497,0,0,65536,10004395
0526736176,18605958,0,4,65536,10004395
0528182816,9374171,0,4,8796093022208,10004395
0528223595,9375793,0,4,65536,10004395
0636347428,13679471,0,1,8796093022208,60003300
0643569071,16062630,0,1,8796093022208,10004395
0648914391,14486404,0,1,65536,10004395
0649133391,15081821,0,1,8796093022208,60003300
0240756358,3784323,0,0,0,10004395
0241135389,3788723,0,0,0,10004395
0246536666,3830724,0,0,0,10004395
0298733136,18962681,0,4,8796093022208,60003300
0299474391,5344408,0,4,8796093022208,10004395
0365570752,9344753,0,4,8796093022208,10004395
0521442752,17682537,0,4,8796093022208,60003300
